ID	Short	Title	Year	Section
725	Aliprantis 1962	The cave “Daimonon” of Paros (CRNr 1398)	1962	Bull. Soc. Speleol. Grèce 6:9–13.
726	Anastasakis & Dermitzakis 1994	Karstic phaenomena and enviromental conditions in the coastal area of Aghios Nikolaos Kriti : the collapses doline of Aghios Nikolaos lake and the cave pot hole of Aghios Charalambos	1994	Bull. Soc. Speleol. Grèce 21:34–39.
727	Angelopoulou 1934	The cave of Karystos	1934	To Vouno Greek Mountaineering Club. 1:242–245.
728	Angelopoulou 1935	The cave of Ermis at Zireia	1935	To Vouno Greek Mountaineering Club. 2:16-19.
729	Anonymous 1957a	Cave Charchampolis (CRNr 879)	1957	Bull. Soc. Speleol. Grèce 4:46.
730	Anonymous 1958b	New researches of the caves in the area of Dyros	1958	Bull. Soc. Speleol. Grèce 4:127-149.
731	Anonymous 1960c	About th cave n1029  "Mavri Troupa" of islet Schiza (Messinia)	1960	Bull. Soc. Speleol. Grèce 5:138-140.
732	Anonymous 1966d	The cave of Tsouka, Pilio	1966	Bull. Soc. Speleol. Grèce 8:143.
733	Argyriadis & Kirdis 1994	Cave - underground river of Genitsari, Setta - Evvoia	1994	Bull. Soc. Speleol. Grèce 21:400–402.
734	Avagiannos 1989	Speleological researches at the area of Olympos, Chios	1989	Bull. Soc. Speleol. Grèce 19:136-140.
735	Avagiannos et al. 1990	Vertical caves of Lesvos	1989	Bull. Soc. Speleol. Grèce 19:157–159.
736	Avdis 1957	The cave of Maroneia	1957	Bull. Soc. Speleol. Grèce 4:19–20.
737	Bartsiokas 1982	The collapsed absorption pothole “Koudounotrypa” of Pyli, Trikala	1982	Bull. Soc. Speleol. Grèce 18:411–417.
738	Brousalis 1954	Karkaros of pigeons of Elikonas	1954	To Vouno Greek Mountaineering Club.
739	Brousalis 1961	The pothole "Propanti" of Leontari	1961	To Vouno Greek Mountaineering Club.
740	Brunet 1994	Le massif de l’ Ida	1994	Bull. Soc. Speleol. Grèce 21:40–48.
741	Chalkiadakis 1992	Geological observations at the pothole “Drakopigado” of Mavrovouni, Kanalia, Magnisia	1992	Bull. Soc. Speleol. Grèce 20:113.
742	Charalampous 1961	The reasons of the elimination of the bats in cave of Perama, Ioannin	1961	Bull. Soc. Speleol. Grèce 6:25.
743	Chatzilazaridis 1975	Geological observations in the area of the cave of Kastro, Ioannina	1975	Bull. Soc. Speleol. Grèce 13:114.
744	Chatzilazaridis 1978a	The pothole - Karstic well of Vouliagmeni, Attiki	1978	Bull. Soc. Speleol. Grèce 15:78–89.
745	Chatzilazaridis 1978b	Speleological researches in the island of Kos, Dodekanisa	1978	Bull. Soc. Speleol. Grèce 15:90–107.
746	Chatzilazaridis 1979	Karstik phaenomen at Korakovouni, Ymittos, Attiki	1979	Bull. Soc. Speleol. Grèce 16:50–76.
747	Chatzilazaridis 1989a	The cave - underground river “Voskonero” or "Voskovrysi" of Mesoropi, mountain Pangaio, Kavala	1989	Bull. Soc. Speleol. Grèce 19:75–81.
748	Chatzilazaridis 1989b	Caves of Mesia - Melissa and Myrtofyto Symvolou, Kavala	1989	Bull. Soc. Speleol. Grèce 19:89–93.
749	Chofolidis 1961	Contribution to the speleological bibliography	1961	Bull. Soc. Speleol. Grèce 6:22–24.
750	Choreftaki et al. 2006	The caves Achnistres and Lachtaride at the coast of Milatos (Irakleio, Kriti)	2006	In Paragamian, K. and D. Choreftaki. Proceedings of the 2nd Pancretan Speleological Symposium dedicated to the memory of Eleftherios Platakis Irakleio Crete Hellenic Speleological Society, Department of Crete. 25-29.
751	Choutzaios 1982a	The caves Lesvos as christian temples	1982	Bull. Soc. Speleol. Grèce 18:198–204.
752	Choutzaios 1982b	The cave "Agiou Ioanni" or "Fousa" at Mychou, Lesvos	1982	Bull. Soc. Speleol. Grèce 18:367–372.
753	Dedegian et al. 2006	The pothole "Tafkos" at Moni Savvathianon	2006	In Paragamian, K. and D. Choreftaki. Proceedings of the 2nd Pancretan Speleological Symposium dedicated to the memory of Eleftherios Platakis Irakleio Crete Hellenic Speleological Society, Department of Crete.
754	Dedegian & Paragamian 2006	The artificial arcade in the mirror of Plakias, Rethymno	2006	In Paragamian, K. and D. Choreftaki. Proceedings of the 2nd Pancretan Speleological Symposium dedicated to the memory of Eleftherios Platakis Irakleio Crete Hellenic Speleological Society, Department of Crete. 107-109.
755	Deligiorgi & Ioannou 1989	The cave of Evmenides or Byrnas or Pyrnas (CRNr 2784)	1989	Bull. Soc. Speleol. Grèce Hellenic Speleological Society.
756	Deligiorgi 1982	The caves of Attiki dedicated to deity Panas: findings and excavations	1982	Bull. Soc. Speleol. Grèce 18:245–250.
757	Deligiorgi-Alexopoulou 1980	The caves of Attiki dedicated to deity Panas: findings and excavations	1980	Bull. Soc. Speleol. Grèce 17:126-176.
758	Deligiorgi-Alexopoulou 1985a	The caves of Attiki dedicated to deity Panas	1985	Bull. Soc. Speleol. Grèce
759	Deligiorgi-Alexopoulou 1985b	Korykeio Antro	1985	Bull. Soc. Speleol. Grèce
760	Desio 1923	La tredicesima isola del Dodecaneso L’ Isola di Castelrosso	1923	Rivista Mensile del T.C.I. - La Vie d’Italia 29:651–658.
761	Desio 1928	La morfologia carsica dell’Isola di Castelrosso (Mar di Levante)	1928	Rivista GDI 1–7.
762	Dimitrelos 1989	The cave “Drakontospilia” of Anafi	1989	Bull. Soc. Speleol. Grèce 19:111–112.
763	Faure 1956	Grottes explorees en 1953 en Crete qui ne figurent pas au bulletin le la Soc Speleol Grèce	1956	Bull. Soc. Speleol. Grèce 7:154–158.
764	Faure 1958	Grottes explorees en 1957 et 1958 en Crete	1958	Bull. Soc. Speleol. Grèce 4:113–118.
765	Faure 1961	Grottes explorees en 1959 et 1960 en Crete et qui ne figuiraient pas encore dans le bulletin de la societe speleologique de Grece	1961	Bull. Soc. Speleol. Grèce 6:12–16.
766	Faure 1962	15 gottes explorees en Crete en 1961	1962	Bull. Soc. Speleol. Grèce 6:19–21.
767	Faure 1971	The engraved inscriptions of the cave of Asfentou, Sfakia	1971	Amaltheia 277–283.
768	Faure 1985	The sacred caves of Crete	1985	Archaiologia 8–13.
769	Filippou-Angelou 1989	Paneio of Anaflystos (CRNr 7530)	1989	Bull. Soc. Speleol. Grèce 19:131–133.
770	Forney 1972	Caves an karst of the Argolic Peninsula Greece	1972	Bull. Soc. Speleol. Grèce 11:151–159.
771	Foteinakis et al. 2006a	New section of the cave "Chainospilios" at Kamaraki, Malevizi	2006	In Paragamian, K. and D. Choreftaki. Proceedings of the 2nd Pancretan Speleological Symposium dedicated to the memory of Eleftherios Platakis Irakleio Crete Hellenic Speleological Society, Department of Crete. 115-116.
772	Foteinakis et al. 2006b	A recently found sacred cave at Siteia (municipality of Itanos)	2006	In Paragamian, K. and D. Choreftaki. Proceedings of the 2nd Pancretan Speleological Symposium dedicated to the memory of Eleftherios Platakis Irakleio Crete Hellenic Speleological Society, Department of Crete. 77-81.
773	Fournier 1994	Le labyrinthe de Crete	1994	Bull. Soc. Speleol. Grèce 21:430–448.
774	Galanopoulou 1989	Speleological researches in the area of Velestino, Magnisia	1989	Bull. Soc. Speleol. Grèce 19:100–104.
775	Georgalas 1959	Identifing exploration of the cave Aspria, Anavryti	1959	Bull. Soc. Speleol. Grèce
776	Georgiakakis et al. 2006	The caves of Latsida Vreikou and Apoloustres at Pefkoi of Makrys Gialos (Lasithi)	2006	In Paragamian, K. and D. Choreftaki. Proceedings of the 2nd Pancretan Speleological Symposium dedicated to the memory of Eleftherios Platakis Irakleio Crete Hellenic Speleological Society, Department of Crete. 47-51.
777	Geromitsos 1956	The cave of Fournoi	1956	Bull. Soc. Speleol. Grèce 3:174–176.
778	Geromitsos 1961	The cave “Paliouras” (CRNr 927)	1961	Bull. Soc. Speleol. Grèce 6:12–13.
779	Geromitsos 1967	The caves of Preventza, Eparchia Valtou (CRNr 3543 - 3550)	1967	Bull. Soc. Speleol. Grèce 9:36–41.
780	Giannopoulos  1994	Karst of Mani	1994	Bull. Soc. Speleol. Grèce 21:72–87.
781	Gkargkoula 1994	Elatospilia	1994	Bull. Soc. Speleol. Grèce 21:403–404.
782	Grafios-Nidas 1952	Speleological researches in Leros	1952	Bull. Soc. Speleol. Grèce 1:277–285.
783	Grafios-Nidas 1971	The cave of Megalommata, Pilio	1971	Bull. Soc. Speleol. Grèce 11:83.
784	Iliopoulos et al. 2000	The cave “Tou Kolokotroni”, Ydra	2000	Bull. Soc. Speleol. Grèce 21:141–142.
785	Ioannou 1961a	The cave Mavris Troupas, island Schiza, Methoni, Messinia (CRNr	1961	Bull. Soc. Speleol. Grèce 6:10–13.
786	Ioannou 1961b	The cave of Panas, Marathonas (CRNr 1067)	1961	Bull. Soc. Speleol. Grèce 6:30–32.
787	Ioannou 1962	The cave in the area of Atalanti	1962	Bull. Soc. Speleol. Grèce 6:16–17.
788	Ioannou 1963a	The cave “Kalogirou” (CRNr 2201)	1963	Bull. Soc. Speleol. Grèce 7:61–62.
789	Ioannou 1963b	The cave “Kanavari” (CRNr1986)	1963	Bull. Soc. Speleol. Grèce 7:25–28.
790	Ioannou 1964	The cave “Kostas” in mountain Sarakino, Pilio, Volos	1964	Bull. Soc. Speleol. Grèce 7:217–220.
791	Ioannou 1966a	The cave Katochi, village Katochi, Mesolongi (CRNr3520)	1966	Bull. Soc. Speleol. Grèce 8:195–200.
792	Ioannou 1966b	The cave-mine of Lefki, Kavala (CRNr1128)	1966	Bull. Soc. Speleol. Grèce 8:137–142.
793	Ioannou 1966c	Four caves in the area of Volos	1966	Bull. Soc. Speleol. Grèce 8:223–233.
794	Ioannou 1967	The cave Eftamylon, Serres (CRNr 3510)	1967	Bull. Soc. Speleol. Grèce 9:42–49.
795	Ioannou 1969a	Speleological researches in the area of “Dolo”, region of Ioannina	1969	Bull. Soc. Speleol. Grèce 10:37–42.
796	Ioannou 1969b	The cave “Kolakas”, village Kolakas, Lokrida (CRNr 2216)	1969	Bull. Soc. Speleol. Grèce 10:68–71.
797	Ioannou 1969c	The underground river "Sarazani” in the area of Zevgolatio, Korinthia (CRNr	1969	Bull. Soc. Speleol. Grèce 10:93–94.
798	Ioannou 1970a	The cave Kera - Panagia of Oia, Thira No 1 (CRNr 3618)	1970	Bull. Soc. Speleol. Grèce 10:71–77.
799	Ioannou 1970b	The cave Lefkopetra, Imathia (CRNr 3598)	1970	Bull. Soc. Speleol. Grèce 10:95–99.
800	Ioannou 1970c	The vertical caves “Profiti Ilia” nr 1 and 2 of Ano Glyfada, Attiki (CRNr 3509-3510)	1970	Bull. Soc. Speleol. Grèce 10:18–22.
801	Ioannou 1970d	The vertical cave in the village Zoure, Azogyre, Kriti	1970	Bull. Soc. Speleol. Grèce 10:84–89.
802	Ioannou 1970e	The cave “Ermakias”, Kozani (CRNr 2226)	1970	Bull. Soc. Speleol. Grèce 10:111–115.
803	Ioannou 1970f	The cave “Koufovounou”, Didymoteicho (CRNr 2500)	1970	Bull. Soc. Speleol. Grèce 10:27–29.
804	Ioannou 1970g	The cave “Pelekita” of Kato Zakros, Siteia, Kriti	1970	Bull. Soc. Speleol. Grèce 10:40–46.
805	Ioannou 1970h	The cave of Agia Paraskevi, Pediada, Kriti (CRNr 872)	1970	Bull. Soc. Speleol. Grèce 10:55–62.
806	Ioannou 1970i	The cave Katifio, Thira (CRNr 3617)	1970	Bull. Soc. Speleol. Grèce 10:69–70.
807	Ioannou 1971a	The cave - Pothole “Arethousa”, Chalkida (CRNr 549)	1971	Bull. Soc. Speleol. Grèce 11:27–31.
808	Ioannou 1971b	The cave “Agiotrypa” of Eratyra, Kozani (CRNr 2100)	1971	Bull. Soc. Speleol. Grèce 11:40–44.
809	Ioannou 1971c	The cave “Vrysi Iliou” or Liak’ Trypa, Rapsani (CRNr 3499)	1971	Bull. Soc. Speleol. Grèce 11:76–79.
810	Ioannou 1971d	The cave “Koutala” of Serifos (CRNr 1396)	1971	Bull. Soc. Speleol. Grèce 11:17–22.
811	Ioannou 1971e	The cave “Farangas” of Kardamyla, Chios (CRNr 3621)	1971	Bull. Soc. Speleol. Grèce 11:69–70.
812	Ioannou 1972a	The cave - Monastery “Agion Apostolon” of Vasiliki, Mesolongi (CRNr 3615)	1972	Bull. Soc. Speleol. Grèce 11:104–107.
813	Ioannou 1972b	The vertical cave “Paliouri”, Karditsa (CRNr 3616) Bull HSS 11:124–127	1972	Bull. Soc. Speleol. Grèce 11:124–127.
814	Ioannou 1972c	The cave “Anthropograva” of Klimatia, Kerkyra	1972	Bull. Soc. Speleol. Grèce 11:112–115.
815	Ioannou 1972d	The cave “Kaliakoudotrypa” of Lousoi, Kalavryta (CRNr 1930)	1972	Bull. Soc. Speleol. Grèce 11:143–150.
816	Ioannou 1972e	The pothole “Syrintra” of Exochori, Messiniaki Mani (CRNr 3474)	1972	Bull. Soc. Speleol. Grèce 11:171–176.
817	Ioannou 1973a	The cave Sotiros, Athina (CRNr 4170)	1973	Bull. Soc. Speleol. Grèce 12:71–83.
818	Ioannou 1973b	The coastal cave “Katafygi tou Vatsinidi”, suburb of Messiniaki Mani (CRNr 620)	1973	Bull. Soc. Speleol. Grèce 12:51–52.
819	Ioannou 1973c	The cave “Glykon neron ” of Paiania, Attiki (CRNr 3833)	1973	Bull. Soc. Speleol. Grèce 12:113–117.
820	Ioannou 1973d	The cave “Katafygi” of Agios Dimitrios, Selinitsa, Mani (CRNr 36)	1973	Bull. Soc. Speleol. Grèce 12:53–54.
821	Ioannou 1973e	The cave “Lazos”, suburb of Messiniaki Mani (CRNr 3824)	1973	Bull. Soc. Speleol. Grèce 12:48–50.
822	Ioannou 1973f	The cave “Palaiokastrou” of Karyes, Trifylia, Messinia (CRNr 3592)	1973	Bull. Soc. Speleol. Grèce 12:55–57.
823	Ioannou 1973g	The cave “Proastio”, suburb of Kardamyli, Messinia (CRNr 3642)	1973	Bull. Soc. Speleol. Grèce 12:42–47.
824	Ioannou 1974a	The pothole “Skorpion” of Profitis Ilias, Leonidio	1974	Bull. Soc. Speleol. Grèce 12:188–195.
825	Ioannou 1974b	The pothole “Pouliou Trypa” of Kastri, Kalavryta (CRNr 4334)	1974	Bull. Soc. Speleol. Grèce 12:208–210.
826	Ioannou 1974c	The cave “Dionysou” of Sintza, Leonidio	1974	Bull. Soc. Speleol. Grèce 12:164–174.
827	Ioannou 1974d	The cave “Stenou”, Methana (CRNr 4321)	1974	Bull. Soc. Speleol. Grèce 12:154–157.
828	Ioannou 1975a	The pothole "Peristerionas" of Kokkinochomatos, region of Kavala (CRNr 4480)	1975	Bull. Soc. Speleol. Grèce 13:132–139.
829	Ioannou 1975b	The doline “Megali spilia” of Didymoi, Argolida (CRNr 859)	1975	Bull. Soc. Speleol. Grèce 13:140–142.
830	Ioannou 1975c	The doline "Mikri spilia” of Didymoi, Argolida (CRNr 860)	1975	Bull. Soc. Speleol. Grèce 13:143–146.
831	Ioannou 1975d	The coastal cave “Katafygi Vatsinidi”, suburb of Messiniaki Mani	1975	Bull. Soc. Speleol. Grèce 13:117–123.
832	Ioannou 1975e	The cave "Katafygi" of Agios Dimitrios, Selinitsa, Mani (CRNr 36)	1975	Bull. Soc. Speleol. Grèce 13:147–151.
833	Ioannou 1975f	The cave - quarry Afon Polydorou of Agios Ioannis, Kareas, Ymittos, Attiki (CRNr	1975	Bull. Soc. Speleol. Grèce 13:152–154.
834	Ioannou 1975g	Three potholes in Amarynthos, Evvoia (CRNr 1135, 1136, 1137)	1975	Bull. Soc. Speleol. Grèce 13:124–128.
835	Ioannou 1976a	Expeditions taken place in the areas of Kosmas, Leonidio and Tripoli, Arkadia	1976	Bull. Soc. Speleol. Grèce 13:214–221.
836	Ioannou 1976b	The cave “Drakotrypa” of Anavryti, Nafpaktia (CRNr 972)	1976	Bull. Soc. Speleol. Grèce 13:237–241.
837	Ioannou 1977	Speleological researches in the area of Elassona, Larisa	1977	Bull. Soc. Speleol. Grèce 14:141–151.
838	Ioannou 1978	The cave of Ilioupoli, Attiki	1978	Bull. Soc. Speleol. Grèce 15:1–5.
839	Ioannou 1989	Speleological researches in Paros	1989	Bull. Soc. Speleol. Grèce 19:63–74.
840	Kairis 1937	The cave of Morias	1937	To Vouno Greek Mountaineering Club. 4:287–288.
841	Kanellis 1934	The cave Nyfis in Evvoia	1934	To Vouno Greek Mountaineering Club. 1:322–325.
842	Kanellis 1962	The cave of Petralona	1962	To Vouno Greek Mountaineering Club. 4:91–102.
843	Kasvikis 1951	The potholes of Paxoi	1951	Bull. Soc. Speleol. Grèce 1:43–48.
844	Kasvikis 1953	The pothole "Peristerotrypa"	1953	Bull. Soc. Speleol. Grèce 2:101–103.
845	Kirdis & Argyriadis 1994	The pothole "Trypa tou Kolak" of mountain Saitas, Arkadia	1994	Bull. Soc. Speleol. Grèce 21:427–428.
846	Kirdis & Papadopoulos 1994	The vertical cave “Prokopi”  of Mistros, Evvoia	1994	Bull. Soc. Speleol. Grèce 21:405–410.
847	Kirdis & Papadopoulos 2000	Speleological researches in Samos	2000	Bull. Soc. Speleol. Grèce 21:147–162.
848	Kirdis 1989a	The cave “Nerospilia” of Kokkotoi, Magnisia (CRNr 7517)	1989	Bull. Soc. Speleol. Grèce 19:134–135.
849	Kirdis 1989b	The vertical cave “Pagospilia” or “Apati” of Kato Seta, Evvoia (CRNr 7519)	1989	Bull. Soc. Speleol. Grèce 19:153.
850	Kirdis 1989c	The vertical cave “Platia Rachi” of Seta, Evvoias (CRNr 7521)	1989	Bull. Soc. Speleol. Grèce 19:153.
851	Kirdis 1989d	The pothole "Trypa tou Kolak" of mountain Saitas, Arkadia	1989	Bull. Soc. Speleol. Grèce 19:150–152.
852	Kirdis 2000a	Caves at Chortiati, Thessaloniki	2000	Bull. Soc. Speleol. Grèce 21:172–174.
853	Kirdis 2000b	The vertical cave Bistirgiona of Ioannina	2000	Bull. Soc. Speleol. Grèce 21:175–176.
854	Kirdis 2000c	Speleological researches in Vrina, Ileia	2000	Bull. Soc. Speleol. Grèce 21:163–166.
855	Kirdis 2000d	Speleological researches in Gkiona	2000	Bull. Soc. Speleol. Grèce 21:167–171.
856	Kirdis 2000e	The pothole “trypa tis Lygeris” of Vradeto, Ipeiros: first evaluation	2000	Bull. Soc. Speleol. Grèce 21:177–178.
857	Kitselis 1979	The cave “Drakotrypa” of Drosopigi, Arta	1979	Bull. Soc. Speleol. Grèce 16:77–80.
858	Kitselis 1989	The cave “Karkano” of Koukounara, area of Pylia	1989	Bull. Soc. Speleol. Grèce 19:113–115.
859	Kompiliris n.d.	Sinkholes of central Peloponnisos		Korfes 50–51.
860	Kontou 1994	Speleological researches in the area of the lake of Kastraki	1994	Bull. Soc. Speleol. Grèce 21:411–412.
861	Kountouris 1952	Caves of Kalymnos	1952	Bull. Soc. Speleol. Grèce 1:294–297.
862	Kouraklis & Bosinis 2000	The caves of Stavropigi, Municipality of Avia, Messiniaki Mani	2000	Bull. Soc. Speleol. Grèce 21:200–202.
863	Kyriakopoulou & Avtzis 1989	The cave “Pefkou” of Metochi Dirfy, Evvoia	1989	Bull. Soc. Speleol. Grèce 19:147–149.
864	Kyriakopoulou 1989a	The cave “Vlochou” of Agrinio (CRNr	1989	Bull. Soc. Speleol. Grèce 19:82.
865	Kyriakopoulou 1989b	The cave “Gourounospilia” of Metochi Dirfy, Evvoia	1989	Bull. Soc. Speleol. Grèce 19:108–110.
866	Kyriakopoulou 1989c	Speleological researches in the area of Metochi Dirfy, Evvoia	1989	Bull. Soc. Speleol. Grèce 19:142–146.
867	Lazaridis 2006	Caves of Smari (Region of Irakleio, Kriti) and speleogenesis in vertical discontinuities in the "vadose" zone	2006	In Paragamian, K. and D. Choreftaki. Proceedings of the 2nd Pancretan Speleological Symposium dedicated to the memory of Eleftherios Platakis Irakleio Crete Hellenic Speleological Society, Department of Crete. 67-75.
868	Leloudas & Stathis 2000	The pothole - sinkhole Stoicheiomeni of Elikonas, Voiotia	2000	Bull. Soc. Speleol. Grèce 22:137–140.
869	Leloudas 2000	The pothole Trypa Feneou, Korinthia (-190), CRNr 6640	2000	Bull. Soc. Speleol. Grèce 21:143–146.
870	Lindberg 1955a	Notes sur le grottes de l΄ île de Crète	1955	Fragm. balc. Skopje 1(19):165-174.
871	Lindberg 1955b	Notes sur le grottes de la Grèce	1955	Acta Mus. Macedonici Sci. Nat. 3(2):41-69.
872	Makris 1938	The caves “Vagia” and “Baroutotrypa”	1938	To Vouno Greek Mountaineering Club. 5:138–140.
873	Makris 1940	The cave Routsi	1940	To Vouno Greek Mountaineering Club. 7:10–13.
874	Makris 1969	The cave “Gerani” of Rethymno (CRNr 3553)	1969	Bull. Soc. Speleol. Grèce 10:95–101.
875	Makris 1989	The cave Prinou, Rethymno (CRNr 7501)	1989	Bull. Soc. Speleol. Grèce 19:216–232.
876	Makris 2000	Non-recorded churches in rocky cavities in the area of former municipality of Foinikas, Rethymno, Kriti	2000	Bull. Soc. Speleol. Grèce 22:109–118.
877	Mandalaki 1953	The cave Kerato	1953	Bull. Soc. Speleol. Grèce 2:148–149.
878	Mavropoulos 1969	The pothole “Agiou Sosti” of Trifylia	1989	Bull. Soc. Speleol. Grèce 19:141.
879	Mercer 1963	Expedition of Cambridge to the mountains of Pindos (1962)	1963	Bull. Soc. Speleol. Grèce 7:42–46.
880	Merdenesianos 1969	The cave “Megali Grava” of Loutsoi, Kerkyra (CRNr 3554) Bull HSS 10:102–104	1969	Bull. Soc. Speleol. Grèce 10:102–104.
881	Merdenesianos 1970	The cave “Drakotrypa” of Anavryti, Nafpaktia (CRNr 972)	1970	Bull. Soc. Speleol. Grèce 10:116–118.
882	Merdenesianos 1971	The cave “Koukouri” of Drialos, Lakonia (CRNr 373)	1971	Bull. Soc. Speleol. Grèce 11:23–26.
883	Merdenesianos 1976	The cave “Drakotrypa” of Anavryti, Nafpaktia (CRNr 972)	1970	Bull. Soc. Speleol. Grèce 13:241–250.
884	Merdenesianos 1978	Speleological researches in the region of Rodopi	1978	Bull. Soc. Speleol. Grèce 15:22–32.
885	Merdenesianos 1982	Caves - temples of Taygetos	1982	Bull. Soc. Speleol. Grèce 18:205–218.
886	Merdenesianos 1994	The sanative caves “Kaiafa” and “Kounoupeliou” in the region of Ileia: sanative cave “Anigridon Nymfon” loutra Kaiafas, Ileia	1994	Bull. Soc. Speleol. Grèce 21:413–426.
887	Merdenesianos 2000a	The cave “Katafygi” of Anavryti, Sparti, Lakonia	2000	Bull. Soc. Speleol. Grèce 21:179–184.
888	Merdenesianos 2000b	The archaelogical cave “Eidolion” of Paliampelo, Vonitsa	2000	Bull. Soc. Speleol. Grèce 21:193–199.
889	Merdenesianos 2000c	The cave of paleoanthropological importance “Koukouri” of Dryalos, Lakonia	2000	Bull. Soc. Speleol. Grèce 21:185–192.
890	Merdenisianos 1985	The cave Vythakas of Dyros, Mani	1985	Archaiologia
891	Missirian 1954	The cave of Kleisoura, Klenia	1954	Bull. Soc. Speleol. Grèce 2:225–226.
892	Moschonas & Petrocheilou 1978	The pothole - sinkhole “Trypa tou Arapi” of Arapolakkas, Pylos, Messinia	1978	Bull. Soc. Speleol. Grèce 15:16–21.
893	Moysidis 1954	The cave Koumpedon (Irakleio, Kriti)	1954	Bull. Soc. Speleol. Grèce
894	Nathenas 1992a	Nine potholes in the area of Gonies, Malevizi, Kriti: “Kastellos”, “Katsoufenas Kamaraki”, “Trikofefalo”, “Skala Antichti”, “Konstanti”, “Mesi Platon”, “Kati Lakki”, “Mavrianou”, “Lakkos Mavrianou”	1992	Bull. Soc. Speleol. Grèce 20:160–171.
895	Nathenas 1992b	Two anonymous potholes in the area of Sises, Rethymno	1992	Bull. Soc. Speleol. Grèce 20:224-225.
896	Nathenas 1992c	Speleological researches in the area of Damasta, Malevizi, Kriti	1992	Bull. Soc. Speleol. Grèce 20:203–205.
897	Nathenas 1992d	The potholes “Markomichali” and “Kontolio” in the area of Astyraki, Malevizi, Kriti	1992	Bull. Soc. Speleol. Grèce 20:200–202.
898	Nathenas 1992e	The pothole “Peristerotafkos” in the area of Marathos, Malevizi, Kriti	1992	Bull. Soc. Speleol. Grèce 20:222–223.
899	Nathenas 1992f	The pothole “tou Stefanaki o Tafkos” in the area of Aidonochori, Irakleio, Kriti	1992	Bull. Soc. Speleol. Grèce 20:189–190.
900	Nathenas 1992g	The pothole “Trikolakki” of municipality of Anogeia, Mylopotamos, Kriti	1992	Bull. Soc. Speleol. Grèce 20:198–199.
901	Nathenas 2006	Speleological researches at Gonies, Malevizi	2006	In Paragamian, K. and D. Choreftaki. Proceedings of the 2nd Pancretan Speleological Symposium dedicated to the memory of Eleftherios Platakis Irakleio Crete Hellenic Speleological Society, Department of Crete. 31-40.
902	Nikolaidis 2000	The vertical cave “Arampatzis”	2000	Oikotopia
903	Nikolaou & Stathakopoulos 2000	The cave Skoutogravas of Krini, Kerkyra	1989	Bull. Soc. Speleol. Grèce 19:154–157.
904	Nikolaou 1989	The vertical cave of Palioekklisia, Kerkyra	1989	Bull. Soc. Speleol. Grèce 19:87–88.
905	Nikolopoulos & Martzoukos 1955	Eftastomos of Parnassos	1955	To Vouno Greek Mountaineering Club. 4:102–106.
906	Nikolopoulos & Martzoukos 1957b	Four potholes of Kerkyra	1957	To Vouno Greek Mountaineering Club. 6:170–172.
907	Nikolopoulos 1954	The cave Drakou, Kastoria	1954	To Vouno Greek Mountaineering Club. 1:2–3.
908	Nikolopoulos 1961	The cave Tzani or Chonos	1961	To Vouno Greek Mountaineering Club. 6:169–172.
909	Nikolopoulos 1962	The pothole Zaliska	1962	To Vouno Greek Mountaineering Club.
910	Nikoloudakis & Paragamian 2006.	Speleological researches in the area of Asterousia mountains	2006	In Paragamian, K. and D. Choreftaki. Proceedings of the 2nd Pancretan Speleological Symposium dedicated to the memory of Eleftherios Platakis Irakleio Crete Hellenic Speleological Society, Department of Crete. 83-89.
911	Oikonomou 1995	Known and unknown caves of Naousa	1995	Niaousta 95/96:48–52.
912	Pallikaropoulos & Papadis 1966a	The cave Vlachou	1966	Bull. Soc. Speleol. Grèce 8:202–205.
913	Pallikaropoulos & Papadis 1966b	The cave Ferpaki	1966	Bull. Soc. Speleol. Grèce 8:234–236.
914	Pallikaropoulos 1965	The pothole “Choni Lagki” (CRNr HSS 336)	1965	Bull. Soc. Speleol. Grèce 8:72–75.
915	Pallikaropoulos 1969	The cave Drakou, Kastoria (CRNr 531)	1969	Bull. Soc. Speleol. Grèce 10:58–67.
916	Pallikaropoulos 1970	The cave Pataragkou, Kastoria (CRNr 3620)	1970	Bull. Soc. Speleol. Grèce 10:47–49.
917	Panagiotidis 1978	The cave - pothole of Alea Nemeas, Argolida	1978	Bull. Soc. Speleol. Grèce 15:108–111.
918	Panagiotou 1965	The cave Limnon of Kastria	1965	To Vouno Greek Mountaineering Club. 1–2:39–48.
919	Papadaki et al. 2006	Speleological researches at Kythira	2006	In Paragamian, K. and D. Choreftaki. Proceedings of the 2nd Pancretan Speleological Symposium dedicated to the memory of Eleftherios Platakis Irakleio Crete Hellenic Speleological Society, Department of Crete. 83-89.
920	Papadopoulos 1992	Speleological researches in the area of Amfilochia	1992	Bull. Soc. Speleol. Grèce 20:116–122.
921	Papanikolaou 2000	Speleological researches in Rodos	2000	Bull. Soc. Speleol. Grèce 22:123–136.
922	Paragamian & Nathenas 1992	Six potholes and a cave at Gonies, Malevizi, Kriti: “Psarogeni Trypa” , “Sfentilidolaki I”, “Prinou Tafkos”, “Tou Xerakia to Armi”, “Piso Lagkos”, “Sykidi”, and the cave “Anemospilia”	1992	Bull. Soc. Speleol. Grèce 20:178–188.
923	Paragamian 1989	Greek-Yugoslav speleological and biospeleological expedition in Kriti	1989	Bull. Soc. Speleol. Grèce 19:241–244.
924	Paragamian 1992b	Seven potholes at Gonies, Malevizi, Kriti: “Simantiraki”, “Xerakolagkoufo I”, “Xerakolagkoufo II”, “Rikomaschalou”, “Poros tou Stenou langou”, “To lakki tou Kontari” and “Sarnitsolaki”	1992	Bull. Soc. Speleol. Grèce 20:144–154.
925	Paragamian 1992c	Two potholes at Gonies, Malevizi, Kriti: “Kynigotafkos” and “Skararolithos”	1992	Bull. Soc. Speleol. Grèce 20:172–177.
926	Paragamian 1992d	The pothole “Psistraki” at Gonies, Malevizi, Kriti	1992	Bull. Soc. Speleol. Grèce 20:155–159.
927	Paragamian 1992e	Potholes of Dia island, Irakleio, Kriti	1992	Bull. Soc. Speleol. Grèce 20:226–230.
928	Paragamian 1992f	The pothole "O Tafkos sta petradolakia" at Anogeia Mylopotamou, Crete: The chronicle of the exploration of the deepest pothole in Greece	1992	Bull. Soc. Speleol. Grèce 20:206–213.
929	Paragamian 1992g	The pothole "Sipouli” at Livadia Mylopotamou, Kriti	1992	Bull. Soc. Speleol. Grèce 20:220–221.
930	Paragamian 1992h	Study of the enviroment of the cave "Alistrati", Serres, before its touristic arrangement 	1992	Bull. Soc. Speleol. Grèce 20:77–95.
931	Paragamian 1992i	Speleological researches on Karpathos island	1992	Bull. Soc. Speleol. Grèce 20:238–244.
932	Paragamian 1992j	Speleological researches at the village Axos, Rethymnon, Crete: The potholes "Xepatomenos Tafkos" and "Nakas Tafkos"	1992	Bull. Soc. Speleol. Grèce 20:129–132.
933	Paragamian 1992k	Speleological researches at the village Axos, Rethymnon, Crete: The potholes "Kakalonia" and "Tou vounou"	1992	Bull. Soc. Speleol. Grèce 20:140–143.
934	Paragamian 1992l	Speleological researches at the village Axos, Rethymnon, Crete: The cave "Kamaritis"	1992	Bull. Soc. Speleol. Grèce 20:133–139.
935	Paragamian 1992m	Speleological researches at Archangelos, Rodos	1992	Bull. Soc. Speleol. Grèce 20:231–237.
936	Paragamian 1992n	The potholes “Anonymo” and “Choirotrypa” of Geraki, Irakleio, Kriti	1992	Bull. Soc. Speleol. Grèce 20:194–195.
937	Paragamian 1992o	The pothole “Daoula” of Vatochori, Florina	1992	Bull. Soc. Speleol. Grèce 20:247–249.
938	Paragamian 1992p	The pothole “Xepatomeni Latsida” of Lagou, Lasithi, Kriti	1992	Bull. Soc. Speleol. Grèce 20:216.
939	Paragamian 1992q	The pothole “Tafkos” of Rotasi, Monofatsi, Kriti	1992	Bull. Soc. Speleol. Grèce 20:214–215.
940	Paragamian 1992r	The pothole “tou Arapi i trypa” at Selia, Apokoronou, Kriti	1992	Bull. Soc. Speleol. Grèce 20:191–193.
941	Paragamian 1992s	The pothole “Stou Bokou ton Poro” at Kroussonas, Irakleio, Kriti	1992	Bull. Soc. Speleol. Grèce 20:196–197.
942	Paragamian 1992t	The cave of Mikrolimni Prespon, Florina	1992	Bull. Soc. Speleol. Grèce 20:245–246.
943	Paragamian 2006	Speleological researches at the islands of Fournoi	2006	In Paragamian, K. and D. Choreftaki. Proceedings of the 2nd Pancretan Speleological Symposium dedicated to the memory of Eleftherios Platakis Irakleio Crete Hellenic Speleological Society, Department of Crete. 41-44.
944	Paragamian et al. 2006	Speleological researches at Kalamafka, Lasithi, Kriti	2006	In Paragamian, K. and D. Choreftaki. Proceedings of the 2nd Pancretan Speleological Symposium dedicated to the memory of Eleftherios Platakis Irakleio Crete Hellenic Speleological Society, Department of Crete. 99-105.
945	Paraskevaidis 1958	Caves and Karst	1958	To Vouno Greek Mountaineering Club. 4:98–102.
946	Patramanis 1992a	The cave “Acherospilios” of Korfes, Malevizi, Kriti	1992	Bull. Soc. Speleol. Grèce 20:219.
947	Patramanis 1992b	The vertical cave “Mathia Metochi” of Mathia, Irakleio, Kriti	1992	Bull. Soc. Speleol. Grèce 20:218.
948	Pavlidis 1975	The cave “Tou Papa i Trypa” or "Trypa Oikonomou" (CRNr 4466)	1975	Bull. Soc. Speleol. Grèce 13:155–156.
949	Pavlidis 1979	Speleological researches at North-West Greece	1979	Bull. Soc. Speleol. Grèce 16:104–164.
950	Pavlopoulos 1952	The cave Boulasiki (CRNr 250)	1952	Bull. Soc. Speleol. Grèce
951	Perdikaki et al. 2006	The caves “Atsinganospilios” and “Marido(n)” and the pothole “Voreini Latsida” at Adrianos, Agios Nikolaos (Lasithi, Kriti)	2006	In Paragamian, K. and D. Choreftaki. Proceedings of the 2nd Pancretan Speleological Symposium dedicated to the memory of Eleftherios Platakis Irakleio Crete Hellenic Speleological Society, Department of Crete. 111-114.
952	Petrocheilos 1937	The cave of Andros, near Aladinos	1937	Bull. Soc. Speleol. Grèce
953	Petrocheilos 1951a	Caves of Mani	1951	Bull. Soc. Speleol. Grèce 1:5–13.
954	Petrocheilos 1951b	Eftastomo of Parnassos	1951	Bull. Soc. Speleol. Grèce 1:29–42.
955	Petrocheilos 1952a	Speleological researches at Kato Nevrokopi	1952	Bull. Soc. Speleol. Grèce Hellenic Speleological Society.
956	Petrocheilos 1952b	Speleological researches at Attiki	1952	Bull. Soc. Speleol. Grèce 1:149–185.
957	Petrocheilos 1952c	The pothole “Stoicheiomeni”	1952	Bull. Soc. Speleol. Grèce 1:274–276.
958	Petrocheilos 1952d	The cave Ellinospilo	1952	Bull. Soc. Speleol. Grèce 1:186–189.
959	Petrocheilos 1953a	Speleological researches at Mani	1953	Bull. Soc. Speleol. Grèce 2:9–25.
960	Petrocheilos 1953b	The cave "Kitsou"	1953	Bull. Soc. Speleol. Grèce 2:96–99.
961	Petrocheilos 1953c	The cave of Chavara	1953	Bull. Soc. Speleol. Grèce 2:93–95.
962	Petrocheilos 1953d	Hydrospeleological researches at Mylopotamos, Kriti	1953	Bull. Soc. Speleol. Grèce 2:137–147.
963	Petrocheilos 1955	The cave Agia Sofia of Mylopotamos, Kythira (Ar 16)	1955	Bull. Soc. Speleol. Grèce 3:87–96.
964	Petrocheilos 1956a	The cave of Keratea	1956	Bull. Soc. Speleol. Grèce 3:143–153.
965	Petrocheilos 1956b	The cave of Kipina	1956	Bull. Soc. Speleol. Grèce 3:165–173.
966	Petrocheilos 1956c	The cave of Perama, Ioannina	1956	Bull. Soc. Speleol. Grèce 3:117–133.
967	Petrocheilos 1957a	The spring of Erkyni	1957	Bull. Soc. Speleol. Grèce 4:1–4.
968	Petrocheilos 1957b	On the discovery of the cave of Perama	1957	Bull. Soc. Speleol. Grèce 4:5–6.
969	Petrocheilos 1957c	Speleological researches at Valtos, Aitoloakarnania	1957	Bull. Soc. Speleol. Grèce 4:11–18.
970	Petrocheilos 1957d	The cave Sepetou (CRNr 847)	1957	Bull. Soc. Speleol. Grèce 4:41–45.
971	Petrocheilos 1958a	New researches at the cave Alepotrypa (CRNr 923)	1958	Bull. Soc. Speleol. Grèce 4:106–112.
972	Petrocheilos 1958b	Speleological researches in the area of Dyros, Lakonia	1958	Bull. Soc. Speleol. Grèce 4:57–95.
973	Petrocheilos 1958c	The cave of Oinoi B’ (CRNr 903)	1958	Bull. Soc. Speleol. Grèce 4:99–105.
974	Petrocheilos 1959a	The cave Ag Andreou of Kastania Voion (CRNr 982)	1959	Bull. Soc. Speleol. Grèce 5:1–8.
975	Petrocheilos 1959b	Speleological researches at Kefallinia	1959	Bull. Soc. Speleol. Grèce 5:23–70.
976	Petrocheilos 1960	A report on the study of the caves at Petralona (Chalkidiki)	1960	Bull. Soc. Speleol. Grèce 5:140–154.
977	Petrocheilou & Ioannou 1962	The cave “Kaloritsas” (CRNr 1395)	1962	Bull. Soc. Speleol. Grèce 6:43–49.
978	Petrocheilou & Panagiotidis 1980	Speleological researches at Kalymnos, Dodekanisa	1980	Bull. Soc. Speleol. Grèce 17:182–193.
979	Petrocheilou & Tsimpanis 1979	Sinkhole Peleton Kynourias, Arkadia	1979	Bull. Soc. Speleol. Grèce 16:25–33.
980	Petrocheilou 1952	Caves of Ipeiros	1952	Bull. Soc. Speleol. Grèce 1:261–266.
981	Petrocheilou 1955	The cave Katafyngi of Dyros	1955	Bull. Soc. Speleol. Grèce 3:71–72.
982	Petrocheilou 1959	The cave “Garzeniko” (CRNr 1064)	1959	Bull. Soc. Speleol. Grèce Hellenic Speleological Society.
983	Petrocheilou 1960a	Speleological researches at Epidavros, Limiras	1960	Bull. Soc. Speleol. Grèce 5:162–188.
984	Petrocheilou 1960b	The cave "Fengara’’ (CRNr 932)	1960	Bull. Soc. Speleol. Grèce 5:134–137.
985	Petrocheilou 1961a	The cave “Anemotrypa” of Pramanta, Ioannina (CRNr 1086)	1961	Bull. Soc. Speleol. Grèce 6:6–11.
986	Petrocheilou 1961b	The cave “Kipon” (CRNr 1085)	1961	Bull. Soc. Speleol. Grèce 6:2–5.
987	Petrocheilou 1961c	The pothole “Kritikou” (CRNr 1069)	1961	Bull. Soc. Speleol. Grèce 6:11–12.
988	Petrocheilou 1961d	The cave “Aera” (CRNr 1084)	1961	Bull. Soc. Speleol. Grèce 6:14–21.
989	Petrocheilou 1962a	The cave “Kokkinon Petron” of Petralona, Chalkidiki (CRNr 1044)	1962	Bull. Soc. Speleol. Grèce 6:1–7.
990	Petrocheilou 1962b	The cave Anemotrypa of Tempi (CRNr 1393)	1962	Bull. Soc. Speleol. Grèce 6:7–8.
991	Petrocheilou 1962c	The cave Boulasiki or "trypa Ag Georgiou", Kilkis (CRNr 250)	1962	Bull. Soc. Speleol. Grèce 6:14–15.
992	Petrocheilou 1962d	The cave of Zeus “Za ” or Vakchidon (CRNr 705)	1962	Bull. Soc. Speleol. Grèce 6:37–42.
993	Petrocheilou 1962e	The cave "Fidas"	1962	Bull. Soc. Speleol. Grèce 6:4–7.
994	Petrocheilou 1963a	Coastal caves of North-East Zakynthos: The blue cave (kyanoun) (CRNr 1402)	1963	Bull. Soc. Speleol. Grèce 7:34–41.
995	Petrocheilou 1963b	The cave Gouverneto of Chania, Kriti (CRNr 37)	1963	Bull. Soc. Speleol. Grèce 7:19–24.
996	Petrocheilou 1963c	The cave Diktaion Antron of Lasithi, Kriti (CRNr 43)	1963	Bull. Soc. Speleol. Grèce 7:110–117.
997	Petrocheilou 1963d	The cave “Foros” of Aladinou, Andros (CRNr 15)	1963	Bull. Soc. Speleol. Grèce 7:92–97.
998	Petrocheilou 1963e	The blue cave (kyanoun) or "trypa" of Parasta, Kastellorizo (CRNr	1963	Bull. Soc. Speleol. Grèce 7:99–105.
999	Petrocheilou 1963f	The cave "trypa tou Sentoni" of Rethymno, Kriti (CRNr 701)	1963	Bull. Soc. Speleol. Grèce 7:76–82.
1000	Petrocheilou 1964a	The cave Kokkinon Petron of Petralona, Chalkidiki (CRNr 1044)	1964	Bull. Soc. Speleol. Grèce 7:160–167.
1001	Petrocheilou 1964b	The cave Agia Eleni (CRNr 2503) of Zygos, Kavala	1964	Bull. Soc. Speleol. Grèce 7:189–197.
1002	Petrocheilou 1964c	The cave Alatsospilo of Dryalo, Lakonia (CRNr 542)	1964	Bull. Soc. Speleol. Grèce 7:211–216.
1003	Petrocheilou 1964d	The cave Irakleous (CRNr 576)	1964	Bull. Soc. Speleol. Grèce 7:221–225.
1004	Petrocheilou 1964e	The cave Profitou Ilia of Rizopoli (CRNr 1082)	1964	Bull. Soc. Speleol. Grèce 7:137–144.
1005	Petrocheilou 1965a	The cave "Agion Pateron" of Lithino Zitsis, Ioannina (CRNr 3165)	1965	Bull. Soc. Speleol. Grèce 8:38–45.
1006	Petrocheilou 1965b	The cave Agiou Isidorou of Plomari, Lesvos (CRNr 3164)	1965	Bull. Soc. Speleol. Grèce 8:12–16.
1007	Petrocheilou 1965c	The cave of Melidoni, Kriti or Gerontospilias (CRNr 41)	1965	Bull. Soc. Speleol. Grèce 8:61–71.
1008	Petrocheilou 1966a	Two caves of Arkadia	1966	Bull. Soc. Speleol. Grèce 8:215–221.
1009	Petrocheilou 1966b	Speleological researches in the areas of Apolpaini and Agios Ioannis, Lefkada	1966	Bull. Soc. Speleol. Grèce 8:182–195.
1010	Petrocheilou 1966c	The cave Sardeli (CRNr 3480)	1966	Bull. Soc. Speleol. Grèce 8:130–136.
1011	Petrocheilou 1967a	Speleological researches in the area of Agios Kirykos, Ikaria	1967	Bull. Soc. Speleol. Grèce 9:69–80.
1012	Petrocheilou 1967b	The cave Neotrypa Lykosoura, Arkadia (CRNr 3551)	1967	Bull. Soc. Speleol. Grèce 9:33–36.
1013	Petrocheilou 1967c	The cave Katafyki (CRNr 3120)	1967	Bull. Soc. Speleol. Grèce 9:22–32.
1014	Petrocheilou 1967d	The cave “Ton Limnon” (CRNr 3479)	1967	Bull. Soc. Speleol. Grèce 9:89–100.
1015	Petrocheilou 1969a	The cave Iraklaious (or Petaka) CRNr 576 (new section)	1969	Bull. Soc. Speleol. Grèce 10:52–57.
1016	Petrocheilou 1969b	The pothole Agia Eleousa Samis, Kefallinia (CRNr 76)	1969	Bull. Soc. Speleol. Grèce 10:21–25.
1017	Petrocheilou 1969c	The cave Nerotrypa Syrrizou, Trifylia (CRNr 1931)	1969	Bull. Soc. Speleol. Grèce 10:87–92.
1018	Petrocheilou 1969d	The cave Propanti of Andritsaini (ASM 3594)	1969	Bull. Soc. Speleol. Grèce 10:72–77.
1019	Petrocheilou 1969e	The cave Fytidi Samis, Kefallinia (CRNr 3500)	1969	Bull. Soc. Speleol. Grèce 10:26–30.
1020	Petrocheilou 1970a	The cave “Agias Sofias” of Mylopotamos, Kythira (CRNr 16)	1970	Bull. Soc. Speleol. Grèce 10:102–110.
1021	Petrocheilou 1970b	The cave “Afanos” of Lamia (CRNr 3530)	1970	Bull. Soc. Speleol. Grèce 10:30–32.
1022	Petrocheilou 1970c	The cave “Daimonos” or Kyklopos Meganisiou, Lefkada (CRNr 2103)	1970	Bull. Soc. Speleol. Grèce 10:12–0122.
1023	Petrocheilou 1970d	The cave “Kyklopos Polyfimou” of Maroneia, Komotini (CRNr 755)	1970	Bull. Soc. Speleol. Grèce 10:9–17.
1024	Petrocheilou 1970e	he cave Agias Sofias Topolion, Kissamos (CRNr 697)	1970	Bull. Soc. Speleol. Grèce 10:90–94.
1025	Petrocheilou 1970f	The cave Milatou Meramvelou (CRNr 55)	1970	Bull. Soc. Speleol. Grèce 10:34–39.
1026	Petrocheilou 1970g	The cave “Daimonon” or Kalampaka, Paros (CRNr 1398)	1970	Bull. Soc. Speleol. Grèce 10:23–26.
1027	Petrocheilou 1970h	The cave Fantaxospiliara Latsima, Rethymno	1970	Bull. Soc. Speleol. Grèce 10:78–83.
1028	Petrocheilou 1970i	The cave “Peristeras” of Karydi, Siteia, Kriti (CRNr 260)	1970	Bull. Soc. Speleol. Grèce 10:50–54.
1029	Petrocheilou 1971a	The cave “Agiogalousaina” of Chios (CRNr 1983)	1971	Bull. Soc. Speleol. Grèce 11:10–16.
1030	Petrocheilou 1971b	The cave “Agiou Ioannou” of Irakleia Naxos (CRNr 851)	1971	Bull. Soc. Speleol. Grèce 11:71–75.
1031	Petrocheilou 1971c	The cave “Louizou”, Ithaki (CRNr 812A)	1971	Bull. Soc. Speleol. Grèce 11:36.
1032	Petrocheilou 1971d	The cave “Papanikolis” of Meganisi, Lefkada (CRNr 2108)	1971	Bull. Soc. Speleol. Grèce 11:37–39.
1033	Petrocheilou 1971e	The cave Agiou Vartholomaiou Taxiarchon, Mytilini (CRNr 528)	1971	Bull. Soc. Speleol. Grèce 11:80–82.
1034	Petrocheilou 1971f	The cave "Kyklopos Polyfimou" of Makri, Alexandroupoli	1971	Bull. Soc. Speleol. Grèce 11:52–56.
1035	Petrocheilou 1971g	The cave Skoukla of Kardamyla, Chios (CRNr 3261)	1971	Bull. Soc. Speleol. Grèce 11:64–68.
1036	Petrocheilou 1971h	The cave “Marmarospilia or ”Antron Nymfon " of Ithaki	1971	Bull. Soc. Speleol. Grèce 11:32–35.
1037	Petrocheilou 1972a	The cave “Agiou Nektariou” of Sopoto, Evrostini (CRNr 3691)	1972	Bull. Soc. Speleol. Grèce 11:181–185.
1038	Petrocheilou 1972b	The cave “Dryadon” of Livera, Xanthi (CRNr 3672)	1972	Bull. Soc. Speleol. Grèce 11:98–103.
1039	Petrocheilou 1972c	The cave “Ermou” or “Panos” or “Apollonos” or “Troupa” of Kyllini (Zireia), CRNr 311	1972	Bull. Soc. Speleol. Grèce 11:116–123.
1040	Petrocheilou 1972d	The cave “Kranias” of Lagkadia, Tripoli (CRNr 3697)	1972	Bull. Soc. Speleol. Grèce 11:128–134.
1041	Petrocheilou 1972e	The cave “o Kryfos Spilios” of Stomio, Larisa (CRNr 3639)	1972	Bull. Soc. Speleol. Grèce 11:177–180.
1042	Petrocheilou 1972f	The cave Karathonos, Nafplio (CRNr 3720)	1972	Bull. Soc. Speleol. Grèce 11:166–170.
1043	Petrocheilou 1972g	The cave Monis Taxiarchon, Xanthi (CRNr 3674)	1972	Bull. Soc. Speleol. Grèce 11:108–111.
1044	Petrocheilou 1972h	The cave "Alavastrino" of Lefkada (CRNr 3641)	1972	Bull. Soc. Speleol. Grèce 11:135–141.
1045	Petrocheilou 1972i	The cave “Kokkines Petres” of Petralona, Chalkidiki	1972	Bull. Soc. Speleol. Grèce 11:160–164.
1046	Petrocheilou 1973a	The vertical cave Alykopetras Drakeias, Volos (CRNr 4298)	1973	Bull. Soc. Speleol. Grèce 12:105–112.
1047	Petrocheilou 1973b	Speleological researches at Milos	1973	Bull. Soc. Speleol. Grèce 12:9–31.
1048	Petrocheilou 1973c	The cave “Limnospilia” of the isle of Ioannina (CRNr 586)	1973	Bull. Soc. Speleol. Grèce 12:84–89.
1049	Petrocheilou 1973d	The cave "Agiou Georgiou" or “Boulasiki”, Kilkis (CRNr 250)	1973	Bull. Soc. Speleol. Grèce 12:36–41.
1050	Petrocheilou 1974a	The pothole “Koufospilo” of Krokees (CRNr 3421)	1974	Bull. Soc. Speleol. Grèce 12:205–207.
1051	Petrocheilou 1974b	Vertical cave "Trypa Giorgainas" of Krokees, Lakonia (CRNr 3424)	1974	Bull. Soc. Speleol. Grèce 12:196–204.
1052	Petrocheilou 1974c	The sinkhole “Nestani” of Tripoli (CRNr 3482)	1974	Bull. Soc. Speleol. Grèce 12:175–179.
1053	Petrocheilou 1974d	The cave “Limnon” of Kastria, Kalavryta (CRNr 3479)	1974	Bull. Soc. Speleol. Grèce 12:217–222.
1054	Petrocheilou 1974e	Speleological researches at Sifnos island	1974	Bull. Soc. Speleol. Grèce 12:229–255.
1055	Petrocheilou 1974f	The cave “Antron Cheironos” of Milies, Volos	1974	Bull. Soc. Speleol. Grèce 12:134–141.
1056	Petrocheilou 1974g	The cave “Peristeri” of Magalochori, Methana	1974	Bull. Soc. Speleol. Grèce 12:142–151.
1057	Petrocheilou 1974h	The underground river “Glyfada” of Dyros	1974	Bull. Soc. Speleol. Grèce 12:211–216.
1058	Petrocheilou 1975a	Speleological researches in the area of Veneto Keramidiou, Volos, Magnisia	1975	Bull. Soc. Speleol. Grèce 13:71–99.
1059	Petrocheilou 1975b	The cave “Katakomvon” of Ioannina (CRNr 6375)	1975	Bull. Soc. Speleol. Grèce 13:106–113.
1060	Petrocheilou 1975c	The cave - underground river "Glyfada" of Dyros: new section (CRNr 25)	1975	Bull. Soc. Speleol. Grèce 13:129–131.
1061	Petrocheilou 1976a	Peloponnisos: Reasearches taken place in the area of Leonidio, Arkadia	1976	Bull. Soc. Speleol. Grèce 13:168–187.
1062	Petrocheilou 1976b	Researches taken place at Pindos	1976	Bull. Soc. Speleol. Grèce 13:236–237.
1063	Petrocheilou 1977	The cave “Anemotrypa” of Pramanta, Ioannina	1977	Bull. Soc. Speleol. Grèce 14:82–92.
1064	Petrocheilou 1978	The cave "Zografou", Graikiko, Arta	1978	Bull. Soc. Speleol. Grèce 15:6–15.
1065	Petrocheilou 1979a	The cave “Panagia tou Vrachou” of Chrousa Megalopoli, Arkadia	1979	Bull. Soc. Speleol. Grèce 16:43–49.
1066	Petrocheilou 1979b	The cave “Kammenos Spilios” of Chalki, Dodekanisa	1979	Bull. Soc. Speleol. Grèce 16:34–42.
1067	Petrocheilou 1979c	The cave “Koumellou” of Archangelos, Rodos	1979	Bull. Soc. Speleol. Grèce 16:9–16.
1068	Petrocheilou 1980a	The vertical cave of Antiparos or Oliarou, Kyklades	1980	Bull. Soc. Speleol. Grèce 17:85–94.
1069	Petrocheilou 1980b	The cave of Geraniou at Rethymno, Kriti	1980	Bull. Soc. Speleol. Grèce 17:51–58.
1070	Petrocheilou 1980c	The vertical cave “Artemisio” ’or “trypa” of Kaparelli, Argolida	1980	Bull. Soc. Speleol. Grèce 17:177–181.
1071	Petrocheilou 1982a	The deepest and longest caves of the world	1982	Bull. Soc. Speleol. Grèce 18:375–389.
1072	Petrocheilou 1982b	The cave “Zouridas” of Rethymno, Kriti	1982	Bull. Soc. Speleol. Grèce 18:418–426.
1073	Petrocheilou 1984	The Greek Caves	1984	Ekdotiki Athinon 160pp.
1074	Petrocheilou 1989a	The vertical cave “Stymfalias” of Drosopigi, Korinthia	1989	Bull. Soc. Speleol. Grèce 19:116–119.
1075	Petrocheilou 1989b	The cave “Lavyrinthos” of Gortyna Irakleiou, Kriti (CRNr 45)	1989	Bull. Soc. Speleol. Grèce 19:160–165.
1076	Petrocheilou 1989c	The cave “Bourmpoula” of Touraki, Messinia	1989	Bull. Soc. Speleol. Grèce 19:120–123.
1077	Petrocheilou 1989d	The cave “Skalion”, Kalymnos (CRNr 2019)	1989	Bull. Soc. Speleol. Grèce 19:43–48.
1078	Petrocheilou 1992a	The cave “Spilia Vlastou” of Agioi Apostoloi, Kalamos, Attiki: (CRNr 247)	1992	Bull. Soc. Speleol. Grèce 20:101–103.
1079	Petrocheilou 1992b	The pothole “Drakopigado” of Mavrovouni, Kanalia, Magnisia (CRNr 6551)	1992	Bull. Soc. Speleol. Grèce 20:110–112.
1080	Petrocheilou 1992c	The pothole “Charovrasia” of Kanalia, Magnisia (CRNr 6552)	1992	Bull. Soc. Speleol. Grèce 20:114–115.
1081	Petrocheilou 1992d	The cave “Athanasiou Diakou” of Ano Mousounitsa, Parnassida, Fokida: (CRNr 7532)	1992	Bull. Soc. Speleol. Grèce 20:98–100.
1082	Petrocheilou 1992e	The cave “Glyfada” of Dyros Lakonia: new sections (CRNr 25)	1992	Bull. Soc. Speleol. Grèce 20:104–109.
1083	Petrocheilou et al. 1976	Expeditions at Kriti island	1976	Bull. Soc. Speleol. Grèce 13:222–236.
1084	Petrocheilou et al. 1977	Speleological researches at the lake Megali Prespa, Florina	1977	Bull. Soc. Speleol. Grèce 14:100–140.
1085	Petrocheilou et al. 1989a	The cave “Glyfada” of Dyros, Lakonia: exploration of new sections (CRNr 0025)	1989	Bull. Soc. Speleol. Grèce 19:49–62.
1086	Petrocheilou et al. 1989b	Speleological researches at Skopelos island	1989	Bull. Soc. Speleol. Grèce 19:94–99.
1087	Petrocheilou et al. 1989c	The vertical cave “Lykourgou” or "Agiou Nikolaou" of Doloi, Messinia (CRNr 6574)	1989	Bull. Soc. Speleol. Grèce 19:124–130.
1088	Platakis & Tsifetakis 1967	The cave “Oxo Latsidi” of Sitanos, Siteia	1967	Bull. Soc. Speleol. Grèce 9:109–113.
1089	Platakis 1952	The cave "Peristera" (CRNr260)	1952	Bull. Soc. Speleol. Grèce 1:272–273.
1090	Platakis 1953	The cave "Agiou Konstantinou"	1953	Bull. Soc. Speleol. Grèce 2:100.
1091	Platakis 1954	Concerning speleology of Kriti	1954	Bull. Soc. Speleol. Grèce 2:201–224.
1092	Platakis 1961a	Caves at Palaiochora, Kriti	1961	Bull. Soc. Speleol. Grèce 6:27–28.
1093	Platakis 1961b	Caves near Rethymno	1961	Bull. Soc. Speleol. Grèce 6:14–26.
1094	Platakis 1961c	The cave “Kourna” (CRNr 1094)	1961	Bull. Soc. Speleol. Grèce 6:2–11.
1095	Platakis 1962a	Caves of Crete	1962	Bull. Soc. Speleol. Grèce 6:25–35.
1096	Platakis 1962b	Caves of Crete	1962	Bull. Soc. Speleol. Grèce 6:9–18.
1097	Platakis 1963a	Caves of Agia Galini	1963	Bull. Soc. Speleol. Grèce 7:83–87.
1098	Platakis 1963b	Caves of Apokoronas, Kriti	1963	Bull. Soc. Speleol. Grèce 7:47–55.
1099	Platakis 1964	Speleological researches at Siteia	1964	Bull. Soc. Speleol. Grèce
1100	Platakis 1967	The cave "Kamilari" (CRNr  506)	1967	Bull. Soc. Speleol. Grèce 9:12–21.
1101	Platakis 1973	The cave “Diktaion Antron"	1973	Amaltheia 274–280.
1102	Platakis 1975	The cave "Thergiospilios" at Kavousi, Siteia	1975	Kritologia 1:181–185.
1103	Platakis 1976	The caves of Lasithi	1976	Prefecture of Lasithi Agios Nikolaos.
1104	Platakis 1978	The caves "Megalo Katofygi" and "Mikro Katofygi", Siteia	1978	Amaltheia 195–200.
1105	Platakis 1979	The caves of Siteia	1979	Amaltheia 51–56.
1106	Platakis 1981	The caverns of Kriti	1981	Amaltheia 101–110.
1107	Raptis 1835	Thrakia of Kalyvia	1835	To Vouno Greek Mountaineering Club. 2:22–23.
1108	Rathgeber & Jantschke 2005	Cave Explorations on the Islands of Kárpathos and Kásos (South Aegean, Greece)	2005	Proceedings of the 14th International Congress of Speleology Athens-Kalamos 166-170.
1109	Rathgeber et al. 2005	Cave Explorations on the Islands of Kárpathos and Kásos (South Aegean , Greece)	2005	Proceedings of the 14th International Congress of Speleology Athens-Kalamos 22282.
1110	Rémy 1951	Description de grottes de Macédoine grecque	1951	Ann. Speleol. 6(2-3):107-118.
1111	Sakellarakis 1985	The cave “Ellinokamara” of Kasos island	1985	Archaiologia 34–36.
1112	Sampson 1985	Caves and their use at Evvoia and in Greece in general	1985	
1113	Santorinaios 1940	The pothole "Eftastomos" of Parnassos	1940	To Vouno Greek Mountaineering Club. 7:181–186.
1114	Santorinaios 1946	Speleological researches (1946) of the speleological research team of the HER, department of Athens	1946	To Vouno Greek Mountaineering Club. 100–125.
1115	Santorinaios 1949a	Speleological researches (1949) of the speleological research team of the HMA, department of Athens	1949	To Vouno Greek Mountaineering Club. 42–59.
1116	Santorinaios 1949b	Speleological researches of (1949) the speleological research team of the HMA, department of Athens	1949	To Vouno Greek Mountaineering Club. 33–41.
1117	Sarris 1934	The cave of Ymittos, near Liopesi	1934	To Vouno Greek Mountaineering Club. 1:20–24.
1118	Sarris 1936	Exploration at "Drakotrypa" of Erymanthos	1936	To Vouno Greek Mountaineering Club. 3:208–211.
1119	Sigalou-Chatzidaki 1994	The cave of Agia Sofia	1994	Bull. Soc. Speleol. Grèce 21:390–392.
1120	Skouras 1978	Underground and cavernous christian temples and hermitages at Evvoia	1978	Bull. Soc. Speleol. Grèce 15:33–70.
1121	Skouras 1980	Researches at the caves of Skyros	1980	Bull. Soc. Speleol. Grèce 17:9–33.
1122	Skouras 1989	The cave "Megali spilia" (Graspilea) at Ochtonia Karystias, Evvoia	1989	Bull. Soc. Speleol. Grèce 19:166–174.
1123	Skouras 2000	Caves of Evvoia and Skyros	2000	Bull. Soc. Speleol. Grèce 21:229–261.
1124	Sotiriadis 1965	The cave of Eratyra, Kozani	1965	To Vouno Greek Mountaineering Club. 3–4:120–122.
1125	Stefanidis 1934	Findings in the cave "Kokkinovouniou"	1934	To Vouno Greek Mountaineering Club. 1:45–47.
1126	Symeonidis et al. 1977	The cave of Alistrati, Serres	1977	Bull. Soc. Speleol. Grèce 14:64–81.
1127	Theodorou 1989a	The cave “Skordoulakia” of Asfendou, Sfakia, Kriti	1989	Bull. Soc. Speleol. Grèce 19:39–42.
1128	Theodorou 1989b	Speleological researches in the area of Kefallinia	1989	Bull. Soc. Speleol. Grèce 19:33–38.
1129	Treyor-Βattye & Bate 1913	The caves of Crete Pages 239–253 Camping in Kriti Whitherby & co	1913	
1130	Triantafyllou 1992	Caves in Greece and tourism development	1992	Bull. Soc. Speleol. Grèce 20:28–76.
1131	Trimmis & Filippatou (C.R.Nrd.)	Speleological project of Kythira 2009- 2011		Bull. Soc. Speleol. Grèce Hellenic Speleological Society.
1132	Trimmis et al. 2012	Cerigo Speleological Project	2012	Proceedings of the 13th National Congress of Speleology/ 7th Eurospeloforum. Muotathal Switzerland 20-24.
1133	Tsifetakis 1967	The cave “Kera Spiliotissa” at Vryses, Kydonia (CRNr 960, SKK 74)	1967	Bull. Soc. Speleol. Grèce 9:61–68.
1134	Tsimpanis 1976a	Speleological explorations in Kynouria	1976	Bull. Soc. Speleol. Grèce 13:193–206, 212.
1135	Tsimpanis 1976b	Coastal caves between Paliochano and Limanaki, Sykies, in the area of Timenio, Kynouria	1976	Bull. Soc. Speleol. Grèce 13:207–213.
1136	Tsimpanis 1989	The cave “Giachali” of Mataragka, Achaia	1989	Bull. Soc. Speleol. Grèce 19:105–107.
1137	Vasilopoulos 1958	Speleological researches in Kastoria	1958	To Vouno Greek Mountaineering Club. 4:103–109.
1138	Vasilopoulos 1959	Speleological researches in the region of Chania	1959	To Vouno Greek Mountaineering Club. 4:116–117.
1139	Vasilopoulou 1994	Name inscriptions of the 4th century at "Chrisophilia" cave in Folegandros	1994	Bull. Soc. Speleol. Grèce 21:363–369.
1140	Vaxevanopoulos 2007	Hypogenic karstic caves	2007	Proceedings of the 8th Pan-Hellenic Geographical Conference. Vol. I.  In Athens Greek Geographical Society. 17-26.
1141	Younger 1976	The Cave “To Kleisidi” near Myrtos in Southern Kriti	1976	Archaiologika Analecta 9:166–169.
1142	Zelilidis 1994	Geologic parameters that influence the stability and development of two caves in the islands of Kefallinia kai Zakynthos	1994	Bull. Soc. Speleol. Grèce 21:105–116.
1143	Zervoudakis 1959	Cave of Agia Triada (Karystia)	1959	Bull. Soc. Speleol. Grèce 5:76–89.
1144	Zervoudakis 1962	The cave “Koutouki” of Ymittos, Attiki (CRNr 88)	1962	Bull. Soc. Speleol. Grèce 6:14–23.
1145	Zervoudakis 1963	The cave of Sarchos (CRNr 477)	1963	Bull. Soc. Speleol. Grèce 7:56–60.
1146	Zervoudakis 1964a	The cave of Kastoria or Drakos cave (CRNr 531)	1964	Bull. Soc. Speleol. Grèce 7:146–152.
1147	Zervoudakis 1964b	The cave of Gkialpides (Kavo nt’ Oro, east Karystia), n 1133	1964	Bull. Soc. Speleol. Grèce 7:168–178.
1148	Zervoudakis 1965a	The cave of Megara (CRNr 2780)	1965	Bull. Soc. Speleol. Grèce 8:3–11.
1149	Zervoudakis 1965b	The cave Tsourgeli (CRNr 341)	1965	Bull. Soc. Speleol. Grèce 8:36–37.
1150	Faure 1955	Grottes explorees en 1954 en Crete qui ne figurent pas au, bulletin de la S.S.G	1955	Bull. Soc. Speleol. Grèce Hellenic Speleological Society. 3:87-101.
1151	Anonymous 1953	Speleological news	1953	To Vouno Greek Mountaineering Club. 1:9-10.
1152	Petrocheilos 1952e	Hydrogeological researches in Samos	1952	Bull. Soc. Speleol. Grèce Hellenic Speleological Society. 1:213-259.
1153	Anonymous 1935	Speleological news	1935	To Vouno Greek Mountaineering Club. 2:105-108.
1154	Petrocheilos 1951	A Wonderful cave at Ioannina	1951	Pan 204-205:127.
1155	Anonymous 1965	Speleological news	1965	To Vouno Greek Mountaineering Club. 1-2:73-74.
1156	Beron 1985	On the cave fauna of the Greek islands of Sandorin and Iraklia, with preliminary description of a new pseudoscorpion	1985	Grottes Bulgares 3:64-71.
1157	Di Russo & Rampini 2001	The Zoodochos cave in Santorini Island	2001	Mem. Biospeol. 58:201-202.
1158	Gasparo 2008	Le grotte e la fauna cavernicola di Karpathos e Kassos (Dodecaneso, Grecia)	2008	Progressione 54:87-89.
1159	Bonzano & Calandri 1984	Osservazioni biospeleologiche preliminari su alcune cavità della Grecia occidentale	1984	Grupo Speleologico Imperiese. Ricerche sul carsismo della Grecia occidentale. Soc. Speleol. Ital. 75-84.
1160	Gasparo 2003	Tre campagne biospeleologiche a Creta	2003	Progressione 48:59-62.
1161	Gasparo 2004b	Ricerche biospeleologiche nelle isole Ionie meridionali	2004	Progressione 51:82-84.
1162	Paragamian 1994	Extremities in touristic exploitation of caves: the case of “Psychron cave” (Psychron, Crete, Greece)	1994	Bull. Soc. Speleol. Grèce 21:232-242.
1163	Strinati 1959	Mission Coiffait-Strinati en Macedoine, Grece et Turque (avril-Mai 1955). Chiroptera	1959	Mammalia 23:72-76.
1164	Strouhal 1961	Eine neue Höckerassel von Korfu (Isopoda, Terrestria). (31. Beitrag zur Isopodenfauna der Balkanhalbinsel)	1961	Ann. Naturhist. Mus. Wien 64:178-184.
1219	Pretner 2011	Die Verdienste von Leo Weirather um die Biospeläologie, insbesondere Jugoslawiens, sein Höhlenkataster und seine Sammelplätze.	2011	Ber. nat.-med. Ver. Innsbruck, 97: 85-234.
1223	Bertolani & Rossi 1983	La zona speleologica del lago Copaide (Beozia, Grecia Centrale)	1983	Le Grotte d’ Italia 11:2–5
1224	Giachino & Lana 2005	Giachino PM, Lana E. 2005. Diaries of a biospeleologist at the beginning of the XX century	2005	Fragm. Entomol. 37:1–264
1226	Ghigi 1929	Risultati generali e conclusioni.	1929	In: A. Ghigi, R. Issel, A. Brian, R. Sanducci, V. Citterio, F. Alzani. Ricerche faunistiche nelle isole Italiane dell΄Egeo. Arch. zool. ital. 13: 423-484.
